YearsExperience,PredictedSalary
1.5,38480.51118565381
3.0,52961.06530279069
5.5,77095.32216468548
7.2,93506.61683077394
